indroea;lugar;comentario;serv;suprest;suprcnc;hoja_id;alti;altimax;naa;naam;naai;num_cuenca;muni_id;xutm;yutm;xutm30;yutm30;long;lat;longwgs84;latwgs84;observ1;observ2;observ3;observ4;observ5;xetrs89;yetrs89;cod_saih
9001;MIRANDA DE EBRO                    ;;1;5481;85001;202;459;2175;99;109;51;9053;9219;503750;4726339;503750;4726339;-25715;424120;-25720;424116;DATOS MODIFICADOS 1996-97 A 2018-19 (ANUARIO 19-20)                                                 ;;;;;503643;4726131;A001
9002;CASTEJON                           ;;1;25194;85001;242;265;2886;87;89;58;9241;31070;607902;4670804;607902;4670804;-14136;421052;-14141;421048;DATOS MODIFICADOS DE 1996-97 A 2006-07 (ANUARIO 15-16)                                              ;;;;;607794;4670595;A002
9003;ANDOSILLA                          ;;1;1445;1461;205;304;1438;96;107;43;9152;31015;586644;4692055;586644;4692055;-15652;422231;-15656;422227;LOS DATOS DE 2009-10 Y 2010-11 SON PROVISIONALES PENDIENTES DE REVISION                             ;;;;;586537;4691846;A003
9004;FUNES                              ;;1;2759;2759;244;284;1494;95;105;27;9231;31107;598895;4685633;598895;4685633;-14760;421857;-14804;421853;DATOS MODIFICADOS DE 1980-81 A 2018-19 (ANUARIO 19-20)                                              ;;;;;598788;4685424;A004
9005;CAPARROSO                          ;;1;5469;8521;206;302;2886;98;108;41;9210;31065;611264;4688981;611264;4688981;-13857;422040;-13902;422036;DATOS MODIFICADOS DE 1965-66 A 1984-85 RESPECTO A PUBLICADOS                                        ;;;;;611157;4688772;A005
9006;MARA헲N                            ;;1;87;1461;171;630;2886;73;73;56;9146;31162;545265;4719840;545265;4719840;-22653;423744;-22657;423740;DATOS MODIFICADOS 2014-15 (ANUARIO 15-16)                                                           ;;;;;545158;4719632;A006
9007;CETINA                             ;INT 2005                                                              ;0;1600;9718;436;670;1370;81;88;45;9260;50081;586579;4572511;586579;4572511;-15757;411755;-15802;411751;LOS DATOS DE 2008-09 SON PROVISIONALES PENDIENTES DE REVISION                                       ;;;;;586470;4572302;
9008;NUEVALOS                           ;;1;732;1544;437;699;1441;88;99;34;9265;50192;601319;4561596;601319;4561596;-14730;411155;-14735;411151;DATOS MODIFICADOS DE 1982-82 A 2018-19 (ANUARIO 19-20)                                              ;;;;;601210;4561387;A008
9009;HUERMEDA                           ;INT 1995                                                              ;0;7164;9718;465;510;1605;74;84;45;9280;50067;617175;4581867;617175;4581867;-13556;412245;-13600;412241;;;;;;617066;4581658;
9010;DAROCA                             ;;1;2202;2597;465;750;1605;96;107;30;9277;50094;632826;4551974;632826;4551974;-12505;410627;-12510;410623;LOS DATOS DE 2009-10 Y 2010-11 SON PROVISIONALES PENDIENTES DE REVISION                             ;;;;;632717;4551765;A010
9011;ZARAGOZA                           ;;1;40434;85001;383;201;2886;98;109;63;9289;50297;676533;4614247;676533;4614247;-5247;413935;-5252;413931;DATOS MODIFICADOS DE 1996-97 A 2006-07 (ANUARIO 15-16)                                              ;;;;;676425;4614038;A011
9012;ARDISA                             ;;1;2040;4009;247;390;3151;99;109;57;9322;22905;685725;4671825;685725;4671825;-4505;421033;-4510;421029;;;;;;685617;4671615;A012
9013;GRAUS                              ;;1;893;1532;250;450;3404;78;82;55;9589;22117;280944;4676145;776290;4678160;2048;421222;2043;421218;LOS DATOS DE 2009-10 Y 2010-11 SON PROVISIONALES PENDIENTES DE REVISION                             ;;;;;776182;4677949;A013
9014;HIJAR                              ;;1;1419;2111;441;260;1597;84;86;44;9356;44122;713736;4561466;713736;4561466;-2707;411032;-2712;411028;;;;;;713627;4561256;A014
9015;ALCA헬Z                            ;;1;3476;3892;469;297;1997;90;97;46;9377;44013;741168;4549056;741168;4549056;-749;410323;-754;410319;;;;;;741059;4548846;
9016;GRADO, EL                          ;INT 1974                                                              ;0;2127;9699;288;467;3375;44;53;12;9574;22115;767753;4670939;767753;4670939;1424;420839;1419;420835;;;;;;767645;4670728;
9017;FRAGA                              ;;1;9612;9699;387;100;3404;82;85;42;9626;22112;276862;4603690;777281;4605572;1928;413311;1924;413307;LOS DATOS DE 2009-10 Y 2010-11 SON PROVISIONALES PENDIENTES DE REVISION                             ;;;;;777173;4605362;A017
9018;JACA                               ;;1;238;8521;176;793;2886;80;90;54;9166;22130;700812;4717118;700812;4717118;-3311;423447;-3316;423443;LOS DATOS DE 2009-10 Y 2010-11 SON PROVISIONALES PENDIENTES DE REVISION                             ;;;;;700705;4716908;A018
9019;BOSSOST                            ;;1;440;547;148;700;2749;43;42;1;9675;25059;311242;4739434;802050;4743467;4133;424700;4128;424656;LOS DATOS DE 2009-10 SON PROVISIONALES PENDIENTES DE REVISION                                       ;;;;;801942;4743254;A019
9020;PUIGCERDA                          ;;1;153;157;217;1189;2921;79;84;34;9384;17141;903828;4711283;903828;4711283;15436;422652;15431;422649;DATOS MODIFICADOS DE 2008-09 A 2014-15 (ANUARIO 15-16)                                              ;;;;;903720;4711072;A020
9021;PUIGCERDA                          ;;1;311;22579;217;1120;2909;81;86;42;9383;17141;905987;4708819;905987;4708819;15604;422529;15559;422525;LOS DATOS DE 2009-10 Y 2010-11 SON PROVISIONALES PENDIENTES DE REVISION                             ;;;;;905879;4708608;A021
9022;SEO DE URGEL                       ;;1;559;562;215;697;2865;94;103;49;9424;25203;372704;4691171;866845;4699632;12715;422142;12711;422138;LOS DATOS DE 2009-10 Y 2010-11 SON PROVISIONALES PENDIENTES DE REVISION                             ;;;;;866737;4699421;A022
9023;SEO DE URGEL                       ;;1;1233;22579;215;670;2921;93;93;46;9401;25203;867444;4698760;867444;4698760;12739;422113;12735;422109;LOS DATOS DE 2007-08, 2009-10 Y 2010-11 SON PROVISIONALES PENDIENTES DE REVISION                    ;;;;;867336;4698549;A023
9024;LERIDA                             ;;1;11369;22579;388;150;3205;82;89;0;9537;25120;301654;4609029;801654;4612625;3711;413627;3707;413623;LOS DATOS DE 2010-11 SON PROVISIONALES PENDIENTES DE REVISION                                       ;;;;;801546;4612414;A024
9025;SEROS                              ;;1;12782;22579;415;85;3205;88;92;55;9539;25204;284279;4592313;785473;4594733;2503;412710;2459;412706;LOS DATOS DE 2009-10 Y 2010-11 SON PROVISIONALES PENDIENTES DE REVISION                             ;;;;;785365;4594523;A025
9026;ARROYO                             ;;1;469;85001;108;812;2175;96;106;55;9007;39065;413781;4757422;413781;4757422;-40326;425750;-40330;425746;;;;;;413674;4757216;A026
9027;TORTOSA                            ;;1;84230;85001;522;25;3404;90;95;52;9662;43155;290895;4521074;796985;4524084;3115;404848;3111;404844;DATOS MODIFICADOS 2011-12 Y 2012-13 (ANUARIO 13-14). DATOS DE 2011-12 PENDIENTES DE REVISION        ;;;;;796876;4523874;A027
9028;FAYON                              ;INT 1968                                                              ;0;80183;85001;443;70;3404;41;49;0;9628;50105;278548;4569752;781314;4571820;2126;411453;2121;411449;;;;;;781206;4571610;
9029;MEQUINENZA                         ;INT 1968                                                              ;0;57442;85001;415;70;3444;35;43;0;9378;50165;775189;4584110;775189;4584110;1723;412139;1718;412135;;;;;;775081;4583900;
9030;SANTOLEA                           ;INT 2010                                                              ;0;1002;3892;519;584;1997;63;63;40;9364;44071;722311;4513402;722311;4513402;-2202;404427;-2206;404423;LOS DATOS DE 2009-10 Y 2010-11 SON PROVISIONALES PENDIENTES DE REVISION                             ;;;;;722202;4513193;A030
9031;ZORITA                             ;;1;1038;1213;520;570;1762;52;56;26;9370;12141;740130;4518312;740130;4518312;-916;404648;-921;404644;LOS DATOS DE 2009-10 Y 2010-11 SON PROVISIONALES PENDIENTES DE REVISION                             ;;;;;740021;4518102;A031
9032;PERALTA DE ALCOFEA                 ;;1;362;362;325;310;2077;75;80;28;9618;22124;738321;4643896;738321;4643896;-736;415437;-741;415433;LOS DATOS DE 2009-10 Y 2010-11 SON PROVISIONALES PENDIENTES DE REVISION                             ;;;;;738213;4643686;A032
9033;PERALTA DE ALCOFEA                 ;;1;765;3385;325;310;2077;76;81;28;9615;22124;738512;4644293;738512;4644293;-727;415450;-732;415446;LOS DATOS DE 2009-10 Y 2010-11 SON PROVISIONALES PENDIENTES DE REVISION                             ;;;;;738404;4644083;A033
9034;MANSILLA                           ;;1;242;1100;278;860;2093;80;90;41;9106;26093;507822;4667930;507822;4667930;-25419;420946;-25424;420942;LOS DATOS DE 2009-10 Y 2010-11 SON PROVISIONALES PENDIENTES DE REVISION                             ;;;;;507714;4667722;A034
9035;VILLOSLADA DE CAMEROS              ;;1;285;692;279;990;2168;76;86;44;9132;26177;528765;4664016;528765;4664016;-23907;420737;-23912;420733;LOS DATOS DE 2009-10 Y 2010-11 SON PROVISIONALES PENDIENTES DE REVISION                             ;;;;;528657;4663808;A035
9036;ISLALLANA                          ;;1;573;692;242;565;2168;80;90;57;9134;26103;539195;4685352;539195;4685352;-23128;421907;-23132;421903;LOS DATOS DE 2009-10 Y 2010-11 SON PROVISIONALES PENDIENTES DE REVISION                             ;;;;;539088;4685144;A036
9037;GARGANCHON                         ;INT 1978                                                              ;0;64;1243;239;910;2131;30;40;0;9081;9274;481350;4687950;481350;4687950;-31335;422034;-31340;422030;;;;;;481243;4687742;
9038;TORREMONTALVO                      ;;1;1090;1100;203;420;2202;73;78;48;9124;26046;526066;4705363;526066;4705363;-24058;422958;-24103;422954;LOS DATOS DE 2009-10 Y 2010-11 SON PROVISIONALES PENDIENTES DE REVISION                             ;;;;;525959;4705155;A038
9039;ORTIGOSA                           ;;1;45;47;241;935;1772;80;89;50;9133;26169;527238;4669027;527238;4669027;-24013;421020;-24018;421016;LOS DATOS DE 2009-10 Y 2010-11 SON PROVISIONALES PENDIENTES DE REVISION                             ;;;;;527130;4668819;A039
9040;BOLTA헤                            ;;1;626;718;211;680;3355;77;77;24;9561;22066;317354;4700803;753305;4703010;4646;422614;4642;422610;LOS DATOS DE 2009-10 Y 2010-11 SON PROVISIONALES PENDIENTES DE REVISION                             ;;;;;753198;4702800;A040
9041;NAVARRETE DEL RIO                  ;;1;364;465;491;904;1496;77;88;17;9276;44050;646619;4532671;646619;4532671;-11531;405553;-11536;405549;LOS DATOS DE 2009-10 Y 2010-11 SON PROVISIONALES PENDIENTES DE REVISION                             ;;;;;646510;4532462;A041
9042;CALAMOCHA                          ;;1;1498;2597;491;883;1605;76;85;34;9275;44050;643199;4531928;643199;4531928;-11758;405531;-11802;405527;LOS DATOS DE 2009-10 Y 2010-11 SON PROVISIONALES PENDIENTES DE REVISION                             ;;;;;643090;4531719;A042
9043;SAN PEDRO MANRIQUE                 ;;1;105;365;280;1060;1709;69;72;27;9237;42165;564440;4652433;564440;4652433;-21318;420114;-21323;420110;;;;;;564332;4652224;A043
9044;YANGUAS                            ;;1;223;692;280;940;1792;76;85;56;9158;42218;555320;4661829;555320;4661829;-21951;420621;-21956;420617;;;;;;555212;4661621;A044
9045;CASTEJON DEL PUENTE                ;INT 1931                                                              ;0;4312;9699;326;277;;1;1;0;9600;22082;763081;4651510;763081;4651510;1030;415815;1025;415811;;;;;;762973;4651300;
9046;LECINA                             ;;1;110;372;249;630;1441;72;80;40;9599;22051;255951;4678475;751189;4678726;236;421311;231;421307;;;;;;751082;4678516;
9047;CAPELLA                            ;;1;426;446;250;485;2728;76;81;46;9594;22080;780464;4677088;780464;4677088;2348;421142;2343;421138;LOS DATOS DE 2009-10 Y 2010-11 SON PROVISIONALES PENDIENTES DE REVISION                             ;;;;;780356;4676877;A047
9048;ANGUIANO                           ;;1;541;1100;241;630;2262;76;86;51;9116;26014;518412;4678452;518412;4678452;-24636;421526;-24641;421522;;;;;;518304;4678244;A048
9049;DEBANOS                            ;;1;150;318;319;920;1719;72;82;30;9239;42075;587585;4639991;587585;4639991;-15639;415423;-15643;415419;;;;;;587477;4639782;
9050;CUZCURRITA                         ;;1;698;1243;169;526;2085;75;85;52;9090;26056;499936;4708206;499936;4708206;-30003;423132;-30008;423128;LOS DATOS DE 2009-10 Y 2010-11 SON PROVISIONALES PENDIENTES DE REVISION                             ;;;;;499829;4707998;A050
9051;ESCALONA                           ;;1;835;9699;211;530;3355;56;56;0;9556;22189;265851;4706992;759055;4707873;905;422845;901;422841;DATOS DE 2005-09 PENDIENTES DE REVISION. DATOS MODIFICADOS 2009-13 (ANUARIO 13-14)                  ;;;;;758948;4707662;A051
9052;BECEITE                            ;;1;48;1727;521;580;1339;76;86;49;9629;44037;768746;4524361;768746;4524361;1112;404932;1108;404928;LOS DATOS DE 2009-10 A 2010-11 SON PROVISIONALES PENDIENTES DE REVISION                             ;;;;;768637;4524151;A052
9053;LODOSA                             ;INT 1931                                                              ;0;12341;85001;205;313;;1;12;0;9145;31157;575976;4696974;575976;4696974;-20436;422514;-20440;422510;;;;;;575869;4696765;
9054;MILAGRO                            ;SIN DATOS                                                             ;0;8495;8521;244;279;;0;0;0;9232;31169;602252;4678242;602252;4678242;-14538;421456;-14543;421452;;;;;;602145;4678033;
9055;MORATA DE JILOCA                   ;;1;2502;2597;437;636;1605;72;79;27;9277;50176;618695;4567865;618695;4567865;-13460;411510;-13505;411506;LOS DATOS DE 2005-06, 2009-10 Y 2010-11 SON PROVISIONALES PENDIENTES DE REVISION                    ;;;;;618586;4567656;A055
9056;JARABA                             ;;1;537;622;436;756;1518;56;65;35;9270;50129;594330;4560767;594330;4560767;-15231;411131;-15235;411127;LOS DATOS DE 2009-10 Y 2010-11 SON PROVISIONALES PENDIENTES DE REVISION                             ;;;;;594221;4560558;A056
9057;EMBID DE ARIZA                     ;;1;207;253;408;778;1309;75;84;25;9261;50096;585042;4582369;585042;4582369;-15858;412315;-15903;412311;LOS DATOS DE 2009-10 Y 2010-11 SON PROVISIONALES PENDIENTES DE REVISION                             ;;;;;584934;4582160;A057
9058;JUBERA                             ;;1;196;9718;435;892;1309;74;85;54;9256;42025;555582;4561001;555582;4561001;-22014;411152;-22018;411148;LOS DATOS DE 2009-10 SON PROVISIONALES PENDIENTES DE REVISION                                       ;;;;;555473;4560792;A058
9059;STA. EULALIA DE GALLEGO            ;;1;1901;4009;247;427;3151;77;80;54;9322;50185;685574;4682553;685574;4682553;-4459;421621;-4504;421617;LOS DATOS DE 2009-10 Y 2010-11 SON PROVISIONALES PENDIENTES DE REVISION                             ;;;;;685467;4682343;A059
9060;GALLUR                             ;INT 2017                                                              ;0;2249;2249;321;230;1517;45;45;33;9254;50118;640687;4638693;640687;4638693;-11816;415313;-11820;415309;DATOS 2009-10 Y 2010-11 SON PROVISIONALES. EN AVENIDAS DE FEB Y MAR 2015 DATOS PROCEDEN DE EST. 9260;;;;;640579;4638484;A060
9061;JAVIERREGAY                        ;;1;348;359;176;630;2668;60;59;33;9175;22902;684393;4716479;684393;4716479;-4512;423441;-4516;423437;LOS DATOS DE 2008-09 A 2010-11 SON PROVISIONALES PENDIENTES DE REVISION                             ;;;;;684286;4716269;A061
9062;BINIES                             ;;1;161;271;176;650;2366;79;88;45;9177;22076;681570;4725183;681570;4725183;-4705;423925;-4710;423921;LOS DATOS DE 2008-09 A 2010-11 SON PROVISIONALES PENDIENTES DE REVISION                             ;;;;;681463;4724973;A062
9063;SIG㏊S                             ;;1;506;526;175;595;2100;74;85;52;9185;50245;663062;4723515;663062;4723515;-10039;423846;-10044;423842;LOS DATOS DE 2008-09 A 2010-11 SON PROVISIONALES PENDIENTES DE REVISION                             ;;;;;662955;4723305;A063
9064;ASPURZ                             ;;1;396;533;143;547;1656;78;84;48;9202;31181;650754;4730933;650754;4730933;-10933;424255;-10937;424251;LOS DATOS DE 2009-10 Y 2010-11 SON PROVISIONALES PENDIENTES DE REVISION                             ;;;;;650647;4730723;A064
9065;LIEDENA                            ;;1;1546;1561;174;412;2021;80;90;57;9203;31155;639935;4720646;639935;4720646;-11737;423729;-11742;423725;LOS DATOS DE 2009-10 Y 2010-11 SON PROVISIONALES PENDIENTES DE REVISION                             ;;;;;639828;4720436;A065
9066;ARIVE                              ;;1;236;1561;116;700;2021;80;88;55;9193;31034;642407;4756508;642407;4756508;-11516;425650;-11521;425646;DATOS MODIFICADOS DE 1980-81 A 2018-19 (ANUARIO 19-20)                                              ;;;;;642301;4756298;A066
9067;OLAVE                              ;;1;240;270;115;465;1296;76;86;3;9214;31188;613878;4749813;613878;4749813;-13619;425330;-13624;425326;;;;;;613772;4749604;A067
9068;ASIAIN                             ;CORRECCI흁 POR POZO SUCIO (DATOS 2013-14)                             ;1;782;823;141;390;1494;58;66;0;9226;31193;599223;4742854;599223;4742854;-14710;424952;-14714;424948;DATOS MODIFICADOS 2008-09 A 2012-13 (ANUARIO 13-14)                                                 ;;;;;599117;4742645;A068
9069;ECHAURI                            ;;1;1756;2759;141;376;1491;76;78;40;9227;31085;599073;4738504;599073;4738504;-14719;424731;-14724;424727;DATOS MODIFICADOS DE 1980-81 A 2018-19 (ANUARIO 19-20)                                              ;;;;;598966;4738295;A069
9070;ERAUL                              ;;1;309;315;140;946;1121;61;57;0;9149;31097;578043;4727237;578043;4727237;-20250;424134;-20255;424130;;;;;;577936;4727028;A070
9071;ESTELLA                            ;;1;943;1461;140;425;1438;80;88;58;9150;31097;579105;4724962;579105;4724962;-20205;424020;-20209;424016;LOS DATOS DE 2009-10 Y 2010-11 SON PROVISIONALES PENDIENTES DE REVISION                             ;;;;;578998;4724753;A071
9072;ANDA                               ;SIN DATOS                                                             ;0;135;319;111;573;;0;0;0;9056;1020;508407;4751723;508407;4751723;-25349;425502;-25354;425458;;;;;;508301;4751515;
9073;SANG㏊SA                           ;;1;275;279;174;393;1517;75;78;49;9205;31216;643344;4712744;643344;4712744;-11515;423311;-11519;423307;LOS DATOS DE 2009-10 Y 2010-11 SON PROVISIONALES PENDIENTES DE REVISION                             ;;;;;643237;4712534;A073
9074;ARCE                               ;;1;1357;1358;172;455;1442;75;84;45;9076;9219;508565;4725201;508565;4725201;-25344;424043;-25349;424038;DATOS MODIFICADOS 1996-97 A 2012-13 (ANUARIO 13-14)                                                 ;;;;;508458;4724993;A074
9075;BERANTEVILLA                       ;CORRECCI흁 POR POZO SUCIO (DATOS 2013-14)                             ;1;307;310;137;453;1180;77;85;51;9075;1014;509604;4725577;509604;4725577;-25258;424055;-25303;424051;DATOS MODIFICADOS DE 2004-05 A 2018-19 (ANUARIO 19-20)                                              ;;;;;509497;4725369;A075
9076;ORBAICETA                          ;;1;127;1561;117;790;2021;47;47;11;9193;31195;649812;4760947;649812;4760947;-10945;425908;-10950;425904;LOS DATOS DE 2007-08 A 2010-11 SON PROVISIONALES PENDIENTES DE REVISION                             ;;;;;649706;4760737;A076
9077;ISABA                              ;INT 1969                                                              ;0;86;87;117;783;2100;23;33;0;9181;31128;669669;4747926;669669;4747926;-5523;425152;-5528;425148;;;;;;669562;4747716;
9078;GARINOAIN                          ;;1;47;55;173;495;1030;72;81;32;9208;31114;611419;4717013;611419;4717013;-13831;423548;-13836;423544;LOS DATOS DE 2009-10 A 2010-11 SON PROVISIONALES PENDIENTES DE REVISION                             ;;;;;611312;4716804;A078
9079;URROZ                              ;;1;180;214;142;483;1279;78;88;55;9196;31243;630461;4736765;630461;4736765;-12419;424618;-12424;424614;LOS DATOS DE 2009-10 Y 2010-11 SON PROVISIONALES PENDIENTES DE REVISION                             ;;;;;630354;4736555;A079
9080;ZURIZA                             ;;1;47;271;118;1187;2366;74;83;34;9177;22028;678169;4748074;678169;4748074;-4909;425149;-4913;425145;LOS DATOS DE 2009-10 Y 2010-11 SON PROVISIONALES PENDIENTES DE REVISION                             ;;;;;678062;4747864;A080
9081;MINA, LA                           ;SIN DATOS DIARIOS                                                     ;0;34;359;118;1239;;0;4;0;9173;22901;688934;4747470;688934;4747470;-4115;425121;-4120;425117;;;;;;688827;4747260;
9082;MALLO, EL                          ;SIN DATOS DIARIOS                                                     ;0;15;359;118;1431;;0;4;0;9173;22901;693238;4745428;693238;4745428;-3808;425011;-3813;425007;;;;;;693131;4745218;
9083;OLIANA                             ;;1;2700;22579;291;440;2921;69;69;45;9447;25165;855163;4668850;855163;4668850;11738;420526;11734;420522;LOS DATOS DE 2009-10 Y 2010-11 SON PROVISIONALES PENDIENTES DE REVISION                             ;;;;;855055;4668639;A083
9084;ALLOZ                              ;;1;132;185;140;400;1009;50;57;30;9230;31260;586321;4727575;586321;4727575;-15646;424142;-15651;424138;LOS DATOS DE 2009-10 Y 2010-11 SON PROVISIONALES PENDIENTES DE REVISION                             ;;;;;586214;4727366;A084
9085;RIEZU                              ;;1;14;75;140;481;1238;65;74;33;9229;31120;585648;4735474;585648;4735474;-15712;424559;-15716;424555;LOS DATOS DE 2009-10 Y 2010-11 SON PROVISIONALES PENDIENTES DE REVISION                             ;;;;;585541;4735265;A085
9086;GARINOAIN                          ;;1;76;456;173;494;990;74;81;13;9207;31114;610830;4717489;610830;4717489;-13857;423604;-13901;423560;DATOS MODIFICADOS DE 2010-11 A 2014-15 (ANUARIO 15-16)                                              ;;;;;610723;4717280;A086
9087;GRISEN                             ;;1;9694;9718;354;250;1814;51;54;31;9288;50043;651824;4621939;651824;4621939;-11028;414403;-11033;414358;LOS DATOS DE 2009-10 Y 2010-11 SON PROVISIONALES PENDIENTES DE REVISION                             ;;;;;651716;4621730;A087
9088;PITARQUE                           ;;1;279;402;543;990;1997;65;64;41;9363;44183;703113;4500242;703113;4500242;-3555;403738;-3600;403734;DATOS MODIFICADOS DE 2013-14 A 2018-19 (ANUARIO 19-20)                                              ;;;;;703004;4500033;
9089;ZARAGOZA                           ;;1;4008;4009;355;194;3151;26;24;14;9326;50297;679766;4615520;679766;4615520;-5026;414014;-5031;414010;DATOS 2006-07  PROVISIONALES. DATOS MODIFICADOS DE 2013-14 A 2018-19 (ANUARIO 19-20)                ;;;;;679658;4615311;A089
9090;FAYOS, LOS                         ;INT 1997                                                              ;0;145;145;320;570;1563;49;56;28;9243;50106;601030;4637100;601030;4637100;-14657;415243;-14702;415239;                                                                                                    ;;;;;600922;4636891;
9091;LASCELLAS                          ;;1;501;3385;287;390;2077;74;74;50;9615;22027;739160;4663736;739160;4663736;-630;420519;-635;420515;;;;;;739052;4663526;A091
9092;TRESPADERNE                        ;;1;1093;1101;136;540;1707;62;62;2;9036;9394;467261;4739162;467261;4739162;-32401;424813;-32406;424809;;;;;;467154;4738955;A092
9093;O헤                                ;;1;1051;1093;136;570;1176;62;62;17;9026;9238;466222;4731713;466222;4731713;-32445;424411;-32450;424407;LOS DATOS DE 2005-06, 2009-10 Y 2010-11 SON PROVISIONALES PENDIENTES DE REVISION                    ;;;;;466115;4731506;A093
9094;ALBALATILLO                        ;;1;1499;2873;357;245;;29;29;14;9622;22213;734430;4627005;734430;4627005;-1049;414534;-1053;414530;;;;;;734322;4626795;A094
9095;BARBASTRO                          ;;1;345;372;287;320;1441;72;72;9;9599;22048;759376;4657956;759376;4657956;759;420149;754;420145;LOS DATOS DE 2007-08, 2009-10 Y 2010-11 SON PROVISIONALES PENDIENTES DE REVISION                    ;;;;;759268;4657746;A095
9096;BALAGUER                           ;;1;7796;22579;359;210;2921;76;76;50;9499;25040;816451;4634016;816451;4634016;4830;414739;4825;414735;LOS DATOS DE 2008-09 A 2010-11 SON PROVISIONALES PENDIENTES DE REVISION                             ;;;;;816343;4633805;A096
9097;PI헤NA                             ;;1;1757;2046;327;300;3205;75;75;47;9536;22089;299153;4639159;797056;4642525;3447;415241;3442;415237;LOS DATOS DE 2007-08, 2009-10 Y 2010-11 SON PROVISIONALES PENDIENTES DE REVISION                    ;;;;;796948;4642314;A097
9098;MONESTIR                           ;INT 1980                                                              ;0;200;201;253;551;2600;20;20;0;9440;25185;859216;4685974;859216;4685974;12112;421433;12108;421429;;;;;;859108;4685763;
9099;CASPE                              ;;1;3845;3892;442;128;1987;47;47;30;9377;50074;752699;4566716;752699;4566716;51;411242;46;411238;LOS DATOS DE 2009-10 Y 2010-11 SON PROVISIONALES PENDIENTES DE REVISION                             ;;;;;752591;4566506;A099
9100;BERGE                              ;;1;141;386;494;700;1532;62;62;45;9372;44040;717324;4526833;717324;4526833;-2517;405147;-2522;405143;DATOS MODIFICADOS DE 2018-19 (ANUARIO 19-20)                                                        ;;;;;717215;4526624;A100
9101;YESA, P.P.                         ;;1;2191;8521;174;423;2886;98;108;57;9188;31261;646828;4719928;646828;4719928;-11235;423701;-11240;423657;LOS DATOS DE 2009-10 Y 2010-11 SON PROVISIONALES PENDIENTES DE REVISION                             ;;;;;646721;4719718;A101
9102;COLLEGATS                          ;;1;1518;2820;252;540;2906;74;74;0;9482;25171;337978;4682348;832785;4688369;10207;421633;10203;421629;LOS DATOS DE 2007-08 A 2010-11 SON PROVISIONALES PENDIENTES DE REVISION                             ;;;;;832677;4688158;A102
9103;CAMARASA                           ;INT 1982                                                              ;0;7160;22579;328;240;2921;39;39;0;9497;25062;821833;4644519;821833;4644519;5243;415311;5238;415307;;;;;;821725;4644308;
9104;ALOS DE BALAGUER                   ;INT 1982                                                              ;0;4318;22579;328;297;2921;40;39;0;9455;25022;828440;4647751;828440;4647751;5736;415446;5731;415442;;;;;;828332;4647540;
9105;MEZALOCHA                          ;;1;620;1020;411;450;1514;75;75;53;9290;50167;660814;4588056;660814;4588056;-10432;412538;-10437;412534;LOS DATOS DE 2009-10 Y 2010-11 SON PROVISIONALES PENDIENTES DE REVISION                             ;;;;;660706;4587847;A105
9106;SANTOLEA - P.P.                    ;;1;1236;3892;519;540;1997;74;74;53;9366;44071;726779;4517766;726779;4517766;-1846;404644;-1851;404640;DATOS DE 2009-10 Y 2010-11 PENDIENTES DE REVISION. DATOS MODIFICADOS 2012-13 (ANUARIO 13-14)        ;;;;;726670;4517556;A106
9107;ULLIVARRI                          ;INT 1955                                                              ;0;243;1358;112;514;;11;11;0;9058;1008;531467;4752863;531467;4752863;-23652;425537;-23657;425533;;;;;;531361;4752655;
9108;URRUNAGA                           ;INT 1955                                                              ;0;144;181;112;610;;11;11;0;9063;1058;528150;4755595;528150;4755595;-23918;425706;-23923;425702;;;;;;528044;4755387;
9109;VALDERROBLES                       ;;1;79;79;520;590;1356;52;52;37;9636;44246;764231;4524156;764231;4524156;759;404931;755;404927;DATOS MODIFICADOS DE 2002-03 A 2018-19 (ANUARIO 19-20)                                              ;;;;;764122;4523946;A109
9110;BECEITE                            ;;1;49;79;520;627;1356;74;74;54;9634;44037;257971;4520811;764145;4521568;752;404807;747;404803;LOS DATOS DE 2009-10 A 2010-11 SON PROVISIONALES PENDIENTES DE REVISION                             ;;;;;764036;4521358;A110
9111;ORGA헤                             ;;1;2384;22579;253;542;2921;72;71;46;9441;25908;858548;4684601;858548;4684601;12040;421350;12035;421346;LOS DATOS DE 2005-06 Y DE 2008-09 A 2010-11 SON PROVISIONALES PENDIENTES DE REVISION                ;;;;;858440;4684390;A111
9112;SASTAGO                            ;INT 1998                                                              ;0;48974;85001;441;130;3151;54;54;0;9337;50240;719782;4578748;719782;4578748;-2226;411946;-2230;411942;                                                                                                    ;;;;;719674;4578538;
9113;VALDERROBRES                       ;;1;55;58;520;680;1053;74;74;52;9635;44114;256970;4521029;763131;4521717;709;404813;705;404809;LOS DATOS DE 2009-10 Y 2010-11 SON PROVISIONALES PENDIENTES DE REVISION                             ;;;;;763022;4521507;A113
9114;PONS                               ;INT 1982                                                              ;0;3320;22579;329;360;2921;36;36;0;9451;25172;847891;4650211;847891;4650211;11143;415535;11138;415531;;;;;;847783;4650000;
9115;PUENTE DE MONTA헤NA                ;;1;1068;2046;289;530;3205;67;67;0;9532;22188;805381;4673284;805381;4673284;4145;420905;4140;420901;LOS DATOS DE 2007-08 A 2011-12 SON PROVISIONALES PENDIENTES DE REVISION                             ;;;;;805273;4673073;A115
9116;CALDAS DE BOHI                     ;INT 1997                                                              ;0;49;240;181;1335;3030;50;50;1;9515;25043;814974;4718349;814974;4718349;5010;423309;5006;423305;                                                                                                    ;;;;;814866;4718138;
9117;BOHI                               ;INT 1997                                                              ;0;64;64;181;1350;3001;51;51;1;9516;25043;322577;4712663;815265;4717548;5021;423243;5017;423239;                                                                                                    ;;;;;815157;4717336;
9118;OLIETE                             ;;1;670;2111;493;570;1577;74;74;58;9352;44172;694204;4540493;694204;4540493;-4129;405930;-4133;405926;LOS DATOS DE 2009-10 Y 2010-11 SON PROVISIONALES PENDIENTES DE REVISION                             ;;;;;694095;4540284;A118
9119;SOPEIRA                            ;INT 1970                                                              ;0;733;2046;251;705;;17;17;0;9528;22223;808781;4691599;808781;4691599;4448;421853;4443;421849;;;;;;808673;4691388;
9120;MENDAVIA                           ;;1;12010;85001;204;325;2262;73;73;52;9143;31165;565478;4696449;565478;4696449;-21215;422501;-21220;422457;LOS DATOS DE 2008-09 A 2010-11 SON PROVISIONALES PENDIENTES DE REVISION                             ;;;;;565371;4696240;A120
9121;FLIX                               ;INT 1992                                                              ;0;82416;85001;444;43;3404;45;45;0;9650;43060;294716;4567070;797636;4570260;3303;411342;3259;411338;                                                                                                    ;;;;;797528;4570050;
9122;BLESA                              ;;1;138;1330;466;760;1402;69;69;53;9330;44043;676498;4545072;676498;4545072;-5401;410213;-5406;410209;;;;;;676389;4544863;
9123;ANZANIGO                           ;;1;1391;4009;209;580;3151;72;72;56;9316;22072;693373;4697534;693373;4697534;-3901;422419;-3906;422415;LOS DATOS DE 2008-09 A 2010-11 SON PROVISIONALES PENDIENTES DE REVISION                             ;;;;;693266;4697324;A123
9124;TORCAS, LAS                        ;;1;456;1020;439;612;1514;72;72;53;9290;50264;660496;4573702;660496;4573702;-10459;411753;-10504;411749;LOS DATOS DE 2009-10 Y 2010-11 SON PROVISIONALES PENDIENTES DE REVISION                             ;;;;;660387;4573493;A124
9125;CARENAS                            ;;1;1478;1544;437;640;1518;68;68;44;9271;50072;600731;4569241;600731;4569241;-14751;411603;-14756;411559;LOS DATOS DE 2009-10 Y 2010-11 SON PROVISIONALES PENDIENTES DE REVISION                             ;;;;;600622;4569032;A125
9126;ATECA                              ;;1;3619;9718;437;590;1518;68;68;49;9272;50038;600483;4575511;600483;4575511;-14758;411927;-14803;411923;LOS DATOS DE 2009-10 Y 2010-11 SON PROVISIONALES PENDIENTES DE REVISION                             ;;;;;600374;4575302;A126
9127;ALCAINE                            ;;1;594;2111;493;585;1577;59;59;38;9350;44011;693538;4536484;693538;4536484;-4202;405721;-4206;405717;LOS DATOS DE 2009-10 Y 2010-11 SON PROVISIONALES PENDIENTES DE REVISION                             ;;;;;693429;4536275;A127
9128;BARASONA                           ;INT 1972                                                              ;0;1511;1532;288;500;3404;24;24;0;9597;22187;773522;4668891;773522;4668891;1832;420725;1827;420721;;;;;;773414;4668680;
9129;TRANQUERA - C.E.                   ;;1;87;88;437;695;1311;49;49;32;9266;50192;602517;4562678;602517;4562678;-14638;411230;-14643;411226;LOS DATOS DE 2009-10 Y 2010-11 SON PROVISIONALES PENDIENTES DE REVISION                             ;;;;;602408;4562469;A129
9130;GINASTE                            ;INT 1997                                                              ;0;149;2046;213;990;3205;36;36;0;9512;22157;805382;4711766;805382;4711766;4258;422950;4253;422946;;;;;;805274;4711555;
9131;LLESP                              ;INT 1997                                                              ;0;225;240;213;924;3030;36;36;0;9521;25173;315500;4702578;808914;4706980;4523;422710;4519;422706;                                                                                                    ;;;;;808806;4706768;
9132;GUIAMETS - C.E.                    ;INT 1996                                                              ;0;93;501;360;197;;12;12;1;9498;25035;817234;4556919;817234;4556919;4638;410603;4634;410559;;;;;;817125;4556709;
9133;CANELLES                           ;INT 1958                                                              ;0;1643;2046;327;365;;9;9;0;9536;25156;799330;4653544;799330;4653544;3645;415835;3641;415831;;;;;;799222;4653333;
9134;CORSA                              ;INT 1958                                                              ;0;1212;2045;289;506;;9;9;0;9532;22247;802630;4659535;802630;4659535;3919;420144;3915;420140;;;;;;802522;4659324;
9135;ALINS                              ;;1;60;60;182;1100;2908;56;54;14;9475;25017;855407;4720486;855407;4720486;11943;423315;11938;423311;LOS DATOS DE 2007-08, 2009-10 Y 2010-11 SON PROVISIONALES PENDIENTES DE REVISION                    ;;;;;855299;4720275;A135
9136;NOALES                             ;INT 1997                                                              ;0;76;104;213;995;2540;33;33;0;9513;22157;307857;4703470;801222;4707330;3948;422732;3943;422728;                                                                                                    ;;;;;801114;4707118;
9137;PONT DE SUERT                      ;;1;558;2046;213;824;3205;61;61;1;9522;25173;808017;4701188;808017;4701188;4433;422404;4428;422400;LOS DATOS DE 2007-08 A 2010-11 SON PROVISIONALES PENDIENTES DE REVISION                             ;;;;;807909;4700977;A137
9138;MONEVA - C.E.                      ;INT 1992                                                              ;0;296;1330;467;610;1402;42;42;33;9330;50039;681509;4555757;681509;4555757;-5015;410756;-5020;410752;;;;;;681400;4555548;
9139;IGEA                               ;;1;326;365;281;540;1709;70;70;47;9237;26080;581895;4658733;581895;4658733;-20036;420432;-20041;420428;LOS DATOS DE 2009-10 Y 2010-11 SON PROVISIONALES PENDIENTES DE REVISION                             ;;;;;581787;4658524;A139
9140;AGUILAR                            ;INT 1971                                                              ;0;223;1153;319;630;1555;20;20;1;9234;26003;585151;4647702;585151;4647702;-15820;415834;-15825;415829;;;;;;585043;4647493;
9141;MONEVA                             ;INT 1971                                                              ;0;156;157;467;640;1386;21;21;7;9331;50171;681846;4557939;681846;4557939;-4959;410906;-5003;410902;;;;;;681737;4557730;
9142;LUMBRERAS                          ;;1;113;127;279;1160;2168;71;71;53;9131;26091;531356;4661174;531356;4661174;-23715;420605;-23720;420601;LOS DATOS DE 2009-10 Y 2010-11 SON PROVISIONALES PENDIENTES DE REVISION                             ;;;;;531248;4660966;A142
9143;ARTIES                             ;;1;137;547;149;1180;2749;50;50;0;9667;25025;326387;4730106;817831;4735232;5249;424211;5245;424207;DATOS DE 2010-11 SON PROVISIONALES. DATOS MODIFICADOS DE 2014-15 A 2018-19 (ANUARIO 19-20)          ;;;;;817723;4735020;A143
9144;TABESCAN                           ;INT 1998                                                              ;0;137;446;182;1050;2938;42;42;0;9471;25123;848683;4729299;848683;4729299;11509;423811;11504;423807;;;;;;848575;4729088;
9145;ERISTE                             ;;1;323;1532;179;830;3404;67;67;17;9583;22200;292583;4717350;784995;4720101;2821;423448;2817;423444;LOS DATOS DE 2008-09 A 2010-11 SON PROVISIONALES PENDIENTES DE REVISION                             ;;;;;784888;4719890;A145
9146;POBLA DE SEGUR, LA                 ;INT 1992                                                              ;0;1931;2820;252;500;2906;41;41;0;9488;25171;828362;4685745;828362;4685745;5849;421515;5844;421511;;;;;;828254;4685534;
9147;MONREAL DE ARIZA                   ;;1;465;466;436;723;1178;67;67;30;9259;50172;574096;4573540;574096;4573540;-20654;411833;-20658;411829;;;;;;573987;4573331;A147
9148;COLL DE NARGO                      ;;1;69;70;291;530;1745;65;65;36;9446;25077;359738;4669703;855407;4677273;11807;420958;11803;420954;LOS DATOS DE 2004-05, 2009-10 Y 2010-11 SON PROVISIONALES PENDIENTES DE REVISION                    ;;;;;855299;4677062;A148
9149;CORTIJO, EL                        ;INT 1998                                                              ;0;10356;85001;203;390;1161;45;45;0;9125;26089;538703;4703909;538703;4703909;-23145;422909;-23150;422905;;;;;;538596;4703701;
9150;ESTENOZ                            ;;1;28;185;140;480;1009;64;64;43;9228;31120;588006;4733522;588006;4733522;-15529;424454;-15534;424450;LOS DATOS DE 2009-10 Y 2010-11 SON PROVISIONALES PENDIENTES DE REVISION                             ;;;;;587899;4733313;A150
9151;MUEZ                               ;INT 1999                                                              ;0;55;75;140;470;1233;39;39;30;9229;31120;587166;4733748;587166;4733748;-15606;424502;-15611;424458;;;;;;587059;4733539;
9152;EUGUI                              ;;1;69;2759;116;582;1459;57;57;44;9211;31098;621220;4758782;621220;4758783;-13049;425817;-13053;425813;LOS DATOS DE 2009-10 Y 2010-11 SON PROVISIONALES PENDIENTES DE REVISION                             ;;;;;621114;4758573;A152
9153;HORTA DE SAN JUAN                  ;;1;115;407;496;418;1226;57;57;32;9646;43071;270606;4535756;775729;4537347;1631;405624;1626;405620;LOS DATOS DE 2009-10 Y 2010-11 SON PROVISIONALES PENDIENTES DE REVISION                             ;;;;;775620;4537137;A153
9154;PE헤RROYA DE TASTAVINS             ;;1;42;357;520;669;1342;53;51;33;9638;44154;755369;4514294;755369;4514294;127;404421;122;404417;;;;;;755260;4514084;
9155;BIOTA                              ;CORRECCI흁 POR POZO SUCIO (DATOS 2013-14)                             ;1;144;2249;245;476;1517;53;53;39;9248;50051;649247;4680503;649247;4680503;-11126;421542;-11131;421538;LOS DATOS DE 2009-10 Y 2010-11 SON PROVISIONALES PENDIENTES DE REVISION                             ;;;;;649139;4680293;A155
9156;EZCARAY                            ;INT 1970                                                              ;0;125;373;240;800;2262;6;6;0;9091;26061;499234;4686271;499234;4686271;-30033;421941;-30038;421936;;;;;;499127;4686063;
9157;AZARRULLA                          ;;1;74;373;240;924;2262;53;53;24;9091;26061;497343;4679139;497343;4679139;-30156;421549;-30201;421545;LOS DATOS DE 2008-09 A 2010-11 SON PROVISIONALES PENDIENTES DE REVISION                             ;;;;;497236;4678931;A157
9158;SAN MIGUEL DE PEDROSO              ;;1;192;1243;201;810;2085;52;52;26;9082;9048;482556;4692903;482556;4692903;-31243;422315;-31248;422311;LOS DATOS DE 2009-10 Y 2010-11 SON PROVISIONALES PENDIENTES DE REVISION                             ;;;;;482449;4692695;A158
9159;HUARTE                             ;;1;178;2759;115;455;1459;56;54;33;9211;31122;384199;4746969;615824;4745566;13457;425157;13453;425153;DATOS DE 2007-11 PENDIENTES DE REVISION. DATOS MODIFICADOS 2011-12 A 2012-13 (ANUARIO 13-14)        ;;;;;615718;4745357;A159
9160;PANTICOSA                          ;INT 1963                                                              ;0;32;91;145;1635;;4;4;0;9299;22170;726148;4737764;726148;4737764;-1411;424530;-1416;424526;                                                                                                    ;;;;;726041;4737554;
9161;PALAZUELOS                         ;;1;4530;85001;136;521;3151;48;47;0;9043;9102;472037;4737951;472037;4737951;-32031;424734;-32036;424730;LOS DATOS DE 2006-07 A 2010-11 SON PROVISIONALES PENDIENTES DE REVISION                             ;;;;;471930;4737744;A161
9162;PIGNATELLI                         ;INT 1988                                                              ;0;26427;85001;282;250;2697;26;26;0;9245;31062;619613;4653288;619613;4653288;-13319;420118;-13324;420114;;;;;;619505;4653079;
9163;ASCO COCA                          ;;1;82245;85001;444;40;;39;37;18;9650;43019;296270;4562447;799507;4565753;3415;411113;3411;411109;LOS DATOS DE 2008-09, 2009-10 Y 2010-11 SON PROVISIONALES PENDIENTES DE REVISION                    ;;;;;799399;4565543;A163
9164;CANFRANC                           ;INT 1991                                                              ;0;62;8521;145;1165;2697;21;21;0;9166;22078;703471;4736349;703471;4736349;-3050;424507;-3055;424503;;;;;;703364;4736139;
9165;MIRANDA DE EBRO                    ;;1;318;319;137;460;;45;45;16;9056;9219;506002;4726492;506002;4726492;-25536;424124;-25541;424120;LOS DATOS DE 2009-10 Y 2010-11 SON PROVISIONALES PENDIENTES DE REVISION                             ;;;;;505895;4726284;A165
9166;VIRUES                             ;;1;290;306;136;532;1152;44;43;3;9040;9394;470891;4739770;470891;4739770;-32122;424833;-32126;424829;;;;;;470784;4739563;A166
9167;BARRIO BLANCO                      ;;1;73;73;435;886;1358;51;40;13;9257;42025;556070;4560613;556070;4560613;-21953;411139;-21958;411135;LOS DATOS DE 2008-09 A 2010-11 SON PROVISIONALES PENDIENTES DE REVISION                             ;;;;;555961;4560404;A167
9168;MONEVA - P.P.                      ;;1;470;1330;440;580;1402;49;49;32;9332;50039;681917;4561490;681917;4561490;-4952;411101;-4956;411057;LOS DATOS DE 2009-10 Y 2010-11 SON PROVISIONALES PENDIENTES DE REVISION                             ;;;;;681808;4561281;A168
9169;CAMARASA                           ;INT 1974                                                              ;0;2820;2820;328;304;3115;10;10;0;9496;25062;822710;4646961;822710;4646961;5326;415429;5321;415425;;;;;;822602;4646750;
9170;YESA C.E.                          ;INT 2011                                                              ;0;1471;8521;175;497;;36;36;26;9180;50245;664262;4719626;664262;4719626;-5951;423639;-5956;423635;LOS DATOS DE 2008-09 A 2010-11 SON PROVISIONALES PENDIENTES DE REVISION                             ;;;;;664155;4719416;A170
9171;MOLINO DE GISTAIN                  ;INT 1993                                                              ;0;100;425;179;1260;3375;29;29;0;9545;22114;282433;4721390;774579;4723413;2051;423649;2047;423645;                                                                                                    ;;;;;774473;4723202;A171
9172;LAFORTUNADA                        ;;1;453;9699;179;700;3404;44;44;0;9546;22227;269836;4714049;762531;4715196;1149;423238;1145;423234;DATOS MODIFICADOS 2014-15 (ANUARIO 15-16)                                                           ;;;;;762424;4714985;A172
9173;REVERSIONES                        ;INT 1971                                                              ;0;1532;1532;288;333;3404;7;7;0;9597;22164;767921;4666216;767921;4666216;1424;420606;1419;420602;;;;;;767813;4666006;
9174;FAYOS, LOS                         ;;1;194;529;320;550;;31;31;13;9244;50106;601202;4637434;601202;4637434;-14649;415254;-14654;415250;LOS DATOS DE 2009-10 Y 2010-11 SON PROVISIONALES PENDIENTES DE REVISION                             ;;;;;601094;4637225;A174
9175;TUDELA                             ;;1;528;529;282;258;2313;34;34;0;9244;31232;614533;4657513;614533;4657513;-13657;420338;-13701;420334;LOS DATOS DE 2006-07 A 2010-11 SON PROVISIONALES PENDIENTES DE REVISION                             ;;;;;614425;4657304;A175
9176;NONASPE                            ;;1;1260;1727;443;212;1364;47;47;27;9643;50102;262906;4564505;766068;4565505;1022;411147;1018;411143;;;;;;765960;4565295;A176
9177;BATEA                              ;;1;335;407;470;219;1326;47;47;32;9646;43022;265779;4554523;769622;4555743;1239;410627;1234;410623;DATOS MODIFICADOS 2002-03 A 2012-13 (ANUARIO 13-14)                                                 ;;;;;769513;4555533;A177
9178;REINOSA                            ;;1;23;85001;83;839;1959;47;40;4;9001;39032;405301;4761851;405301;4761851;-40943;430010;-40947;430006;;;;;;405194;4761645;A178
9181;POBLA DE SEGUR, LA                 ;INT 1992                                                              ;0;342;349;252;525;2949;28;28;0;9487;25171;332138;4679330;827166;4684944;5755;421451;5751;421447;;;;;;827058;4684733;
9182;BALAGUER                           ;INT 1992                                                              ;0;501;501;360;235;790;27;27;0;9498;25040;817801;4635182;817801;4635182;4931;414815;4926;414811;;;;;;817693;4634971;
9183;VILLANUEVA DE LA BARCA             ;INT 1992                                                              ;0;537;537;359;173;851;28;28;0;9504;25254;809747;4621140;809747;4621140;4316;414052;4311;414048;;;;;;809639;4620929;
9184;ATECA                              ;;1;446;446;437;582;;46;46;26;9273;50038;601338;4576782;601338;4576782;-14720;412008;-14725;412003;LOS DATOS DE 2009-10 Y 2010-11 SON PROVISIONALES PENDIENTES DE REVISION                             ;;;;;601229;4576573;A184
9185;CINTRUENIGO                        ;;1;1120;1153;282;379;;45;45;26;9240;31072;598378;4659542;598378;4659542;-14838;420452;-14843;420448;LOS DATOS DE 2005-06, 2009-10 Y 2010-11 SON PROVISIONALES PENDIENTES DE REVISION                    ;;;;;598270;4659333;A185
9186;SADABA                             ;;1;197;582;245;427;;45;45;31;9253;50230;642664;4682548;642664;4682548;-11611;421653;-11616;421649;LOS DATOS DE 2009-10 Y 2010-11 SON PROVISIONALES PENDIENTES DE REVISION                             ;;;;;642556;4682339;A186
9187;ERLA                               ;;1;336;586;284;424;;43;43;28;9251;50100;669904;4664930;669904;4664930;-5641;420702;-5646;420658;LOS DATOS DE 2009-10 Y 2010-11 SON PROVISIONALES PENDIENTES DE REVISION                             ;;;;;669796;4664720;A187
9188;BERGUENDA                          ;;1;350;351;137;483;;41;41;22;9048;1902;496451;4736999;496451;4736999;-30236;424705;-30241;424701;LOS DATOS DE 2005-06, 2009-10 Y 2010-11 SON PROVISIONALES PENDIENTES DE REVISION                    ;;;;;496344;4736791;A188
9189;ORON                               ;;1;217;237;137;480;;45;45;18;9052;9219;501793;4724450;501793;4724450;-25841;424018;-25846;424014;LOS DATOS DE 2009-10 Y 2010-11 SON PROVISIONALES PENDIENTES DE REVISION                             ;;;;;501686;4724242;A189
9190;QUICENA                            ;;1;160;2873;286;466;;42;42;25;9620;22195;719367;4669354;719367;4669354;-2043;420841;-2048;420838;LOS DATOS DE 2009-10 Y 2010-11 SON PROVISIONALES PENDIENTES DE REVISION                             ;;;;;719259;4669144;A190
9191;BARBUES                            ;;1;534;2873;324;336;;43;42;22;9622;22049;713557;4651230;713557;4651230;-2520;415900;-2525;415856;LOS DATOS DE 2008-09 A 2010-11 SON PROVISIONALES PENDIENTES DE REVISION                             ;;;;;713449;4651020;A191
9192;SIETAMO                            ;;1;135;362;286;669;;46;46;26;9616;22222;726023;4667422;726023;4667422;-1556;420732;-1601;420728;LOS DATOS DE 2008-09 A 2010-11 SON PROVISIONALES PENDIENTES DE REVISION                             ;;;;;725915;4667212;A192
9193;BALLOBAR                           ;;1;3390;3385;387;150;;32;32;16;9623;22046;266422;4611634;766312;4612773;1147;413717;1143;413713;LOS DATOS DE 2009-10 Y 2010-11 SON PROVISIONALES PENDIENTES DE REVISION                             ;;;;;766204;4612563;A193
9194;JANOVAS                            ;INT 1971                                                              ;0;575;718;211;637;3375;6;6;0;9561;22109;743674;4706614;743674;4706614;-209;422822;-214;422818;                                                                                                    ;;;;;743567;4706404;
9195;FISCAL                             ;INT 1975                                                              ;0;425;718;211;744;3355;9;9;0;9561;22109;736941;4709451;736941;4709451;-660;423001;-704;422957;;;;;;736834;4709241;
9196;TORLA                              ;INT 1993                                                              ;0;180;718;178;970;3355;27;27;0;9561;22230;737270;4724039;737270;4724039;-623;423753;-628;423749;;;;;;737163;4723829;
9197;LEZA DE RIO LEZA                   ;;1;283;534;242;517;;45;45;18;9140;26088;548900;4686832;548900;4686832;-22423;421953;-22428;421949;DATOS MODIFICADOS DE 1976 A 1980 DESDE 2011-12.DATOS DE 08-09 A 10-11 PENDIENTES DE REVISION        ;;;;;548792;4686624;A197
9198;ALINS                              ;;1;83;412;182;1080;3115;55;54;16;9474;25017;855348;4720604;855348;4720604;11941;423319;11936;423315;DATOS DE 2008-09 PENDIENTES DE REVISION. DATOS MODIFICADOS 2009-10 A 2012-13 (ANUARIO 13-14)        ;;;;;855240;4720393;A198
9199;ARTIES BAJO                        ;SIN DATOS                                                             ;0;145;547;149;1169;;0;0;0;9667;25025;326345;4730139;817786;4735262;5247;424212;5243;424208;;;;;;817678;4735050;
9200;ARTIES                             ;;1;50;49;149;1156;;20;20;0;9668;25025;325871;4729432;817363;4734523;5227;424149;5223;424145;DATOS DE 2010-11 SON PROVISIONALES. DATOS MODIFICADOS DE 2018-19 (ANUARIO 19-20)                    ;;;;;817255;4734311;A200
9201;GALLIPUEN - P.P.                   ;INT 1999                                                              ;0;142;386;494;685;;22;22;0;9372;44014;717972;4528406;717972;4528406;-2448;405237;-2452;405233;LOS DATOS DE 2007-08 SON PROVISIONALES PENDIENTES DE REVISION                                       ;;;;;717863;4528197;
9202;MATAMOROSA                         ;;1;59;60;108;855;;33;33;4;9984;39027;407478;4760111;407478;4760111;-40805;425914;-40810;425910;LOS DATOS DE 2008-09 A 2010-11 SON PROVISIONALES PENDIENTES DE REVISION                             ;;;;;407371;4759905;A202
9203;REINOSA                            ;;1;142;166;108;840;;42;36;4;9002;39027;406536;4760359;406536;4760359;-40847;425922;-40852;425918;;;;;;406429;4760153;A203
9204;MATAUCO                            ;INT 1980                                                              ;0;58;120;112;530;1109;11;11;0;9065;1059;464755;4745794;535245;4745794;23407;425147;23403;425143;;;;;;535139;4745586;
9209;ZUERA                              ;;1;3276;4009;323;249;;16;16;1;9326;50298;684052;4632679;684052;4632679;-4702;414926;-4706;414922;DATOS MODIFICADOS DE 2008-09 A 2014-15 (ANUARIO 15-16)                                              ;;;;;683944;4632470;A209
9210;RIBARROJA                          ;INT 1985                                                              ;0;81060;85001;443;41;;6;6;0;9648;43125;787764;4571459;787764;4571459;2602;411433;2557;411429;;;;;;787656;4571249;
9212;CHERTA                             ;SIN DATOS                                                             ;0;82972;85001;497;15;;0;0;0;9662;43052;794782;4535469;794782;4535469;3001;405459;2956;405455;;;;;;794673;4535259;
9213;CALAHORRA                          ;SIN DATOS                                                             ;0;661;692;243;335;;0;0;0;9160;26036;584004;4683420;584004;4683420;-15851;421752;-15856;421748;;;;;;583897;4683211;
9215;CERVERUELA                         ;;1;315;1020;438;814;1514;38;37;14;9290;50080;649928;4564462;649928;4564462;-11242;411301;-11246;411257;LOS DATOS DE 2008-09 A 2010-11 SON PROVISIONALES PENDIENTES DE REVISION                             ;;;;;649819;4564253;A215
9216;ZARAGOZA                           ;;1;1017;1020;383;203;;45;45;26;9290;50297;675191;4611824;675191;4611824;-5348;413817;-5352;413813;;;;;;675083;4611615;A216
9218;POMPENILLO                         ;SIN DATOS                                                             ;0;104;314;286;424;;0;0;0;9621;22156;715352;4663824;715352;4663824;-2345;420546;-2350;420542;                                                                                                    ;;;;;715244;4663614;
9220;PUENTELARRA                        ;SIN DATOS                                                             ;0;5030;85001;137;470;;0;0;0;9049;9347;495996;4733918;495996;4733918;-30256;424525;-30301;424521;;;;;;495889;4733710;
9221;LARRINOA                           ;;1;22;90;112;585;;43;43;27;9069;1018;521968;4757764;521968;4757764;-24350;425817;-24355;425813;LOS DATOS DE 2008-09 A 2010-11 SON PROVISIONALES PENDIENTES DE REVISION                             ;;;;;521862;4757556;A221
9222;GOPEGUI                            ;INT 1993                                                              ;0;6;8;112;572;;16;16;14;9999;1018;521091;4757120;521091;4757120;-24429;425756;-24434;425752;;;;;;520985;4756912;
9223;ONDATEGUI                          ;INT 1993                                                              ;0;8;8;112;550;;16;16;12;9999;1018;520936;4755283;520936;4755283;-24436;425657;-24441;425653;;;;;;520830;4755075;
9224;OMDATEGUI                          ;INT 1992                                                              ;0;25;90;112;578;;13;13;0;9069;1018;522096;4756354;522096;4756354;-24345;425731;-24350;425727;;;;;;521990;4756146;
9225;ZAIDIN                             ;;1;785;785;387;110;;14;13;0;9625;22254;274159;4606583;774383;4608271;1728;413442;1724;413438;LOS DATOS DE 2008-09 A 2010-11 SON PROVISIONALES PENDIENTES DE REVISION                             ;;;;;774275;4608061;A225
9229;ZUERA                              ;;1;3251;4009;323;289;;38;37;20;9982;50298;684786;4641345;684786;4641345;-4620;415406;-4625;415402;LOS DATOS DE 2009-10 A 2010-11 SON PROVISIONALES PENDIENTES DE REVISION                             ;;;;;684678;4641135;A229
9230;PARDINA, LA                        ;;1;202;4009;323;331;;41;39;18;9982;22119;693927;4652008;693927;4652008;-3931;415944;-3936;415940;;;;;;693819;4651798;A230
9231;CANDASNOS                          ;;1;536;622;414;200;;36;36;13;9981;22112;252154;4594643;753256;4594831;157;412752;152;412748;;;;;;753148;4594621;
9232;MONTEAGUDO VICARIAS P.P.           ;SIN DATOS                                                             ;0;299;466;408;810;;0;0;0;9259;42119;569000;4581714;569000;4581714;-21029;412260;-21034;412256;;;;;;568891;4581505;
9233;CALANDA                            ;SIN DATOS                                                             ;0;2667;3892;494;394;;0;0;0;9371;44051;735262;4534080;735262;4534080;-1222;405524;-1227;405520;;;;;;735153;4533870;
9234;OZA                                ;;1;75;359;144;1097;;29;29;11;9173;22901;687186;4743717;687186;4743717;-4237;424921;-4242;424917;;;;;;687079;4743507;
9235;MOLETA DE RONI                     ;INT 1982                                                              ;0;110;110;215;800;2405;3;3;0;9479;25126;352126;4703342;845430;4710333;11205;422803;11201;422759;;;;;;845322;4710122;
9236;MAIDEVERA C.E.                     ;;1;39;589;381;781;;37;37;19;9283;50031;601898;4603929;601898;4603929;-14640;413447;-14644;413443;LOS DATOS DE 2008-09 A 2010-11 SON PROVISIONALES PENDIENTES DE REVISION                             ;;;;;601790;4603720;A236
9237;ESPOT                              ;INT 1913                                                              ;0;16;16;181;1320;;2;2;0;9464;25082;835752;4721925;835752;4721925;10527;423433;10522;423429;;;;;;835644;4721714;
9238;MAIDEVERA P.P.                     ;;1;77;589;381;762;;31;31;3;9283;50031;603710;4603000;603710;4603000;-14522;413416;-14527;413412;LOS DATOS DE 2008-09 A 2010-11 SON PROVISIONALES PENDIENTES DE REVISION                             ;;;;;603602;4602791;A238
9239;ALLO                               ;SIN DATOS                                                             ;0;946;1461;172;352;;0;0;0;9152;31200;584109;4712379;584109;4712379;-15832;423331;-15837;423327;;;;;;584002;4712170;
9245;SANTA FE                           ;SIN DATOS                                                             ;0;974;1020;383;277;;0;0;0;9290;50089;671097;4605037;671097;4605037;-5652;413441;-5656;413437;;;;;;670989;4604828;
9248;CAPDELLA                           ;INT 1993                                                              ;0;3;349;181;2086;;6;6;1;9983;25227;828906;4713496;828906;4713496;10010;423011;10005;423007;;;;;;828798;4713285;
9249;CAPDELLA                           ;INT 1991                                                              ;0;7;349;181;2140;;4;3;0;9980;25227;335945;4708237;828925;4714076;10012;423030;10007;423026;;;;;;828817;4713865;
9250;BUBAL                              ;;1;298;4009;145;1010;;33;33;18;9302;22059;719975;4728870;719975;4728870;-1855;424048;-1859;424044;LOS DATOS DE 2008-09 A 2010-11 SON PROVISIONALES PENDIENTES DE REVISION                             ;;;;;719868;4728660;A250
9251;CERVERA DEL RIO ALHAMA             ;;1;299;1153;242;540;2886;32;32;11;9234;26047;586943;4651307;586943;4651307;-15700;420030;-15705;420026;LOS DATOS DE 2008-09 A 2010-11 SON PROVISIONALES PENDIENTES DE REVISION                             ;;;;;586835;4651098;A251
9252;ESCALO                             ;;1;444;2820;242;860;2886;32;32;18;9466;25903;348645;4712828;841282;4719560;10923;423308;10919;423304;DATOS DE 2008-09 A 2010-11 PENDIENTES DE REVISION. DATOS MODIFICADOS 2012-13 (ANUARIO 13-14)        ;;;;;841174;4719349;A252
9253;ARNEDILLO                          ;;1;405;692;242;280;;31;31;16;9160;26017;563376;4674029;563376;4674029;-21356;421254;-21401;421250;LOS DATOS DE 2008-09 A 2010-11 SON PROVISIONALES PENDIENTES DE REVISION                             ;;;;;563268;4673820;A253
9254;MEDINA DE POMAR                    ;;1;465;478;110;585;;31;31;17;9035;9209;460912;4753384;460912;4753384;-32844;425553;-32849;425549;LOS DATOS DE 2008-09 A 2010-11 SON PROVISIONALES PENDIENTES DE REVISION                             ;;;;;460805;4753177;A254
9255;ORTILLA                            ;;1;200;383;285;426;;29;29;14;9325;22905;696463;4669733;696463;4669733;-3720;420916;-3725;420912;LOS DATOS DE 2008-09 A 2010-11 SON PROVISIONALES PENDIENTES DE REVISION                             ;;;;;696355;4669523;A255
9256;ISOBOL                             ;;1;697;22579;217;1030;;30;30;15;9387;17084;896514;4702594;896514;4702594;14855;422225;14851;422221;LOS DATOS DE 2008-09 A 2010-11 SON PROVISIONALES PENDIENTES DE REVISION                             ;;;;;896406;4702383;A256
9257;ESCANILLA                          ;;1;83;100;250;457;;29;29;15;9571;22002;763178;4686880;763178;4686880;1131;421720;1126;421716;LOS DATOS DE 2008-09 A 2010-11 SON PROVISIONALES PENDIENTES DE REVISION                             ;;;;;763071;4686669;A257
9258;CAMPO                              ;;1;540;1532;212;675;;29;29;12;9587;22074;778816;4702708;778816;4702708;2320;422533;2316;422529;DATOS DE 2008-09 A 2010-11 PENDIENTES DE REVISION. DATOS MODIFICADOS 2012-13 (ANUARIO 13-14)        ;;;;;778709;4702497;A258
9259;IZALZU                             ;;1;49;60;117;790;;30;29;12;9200;31133;658845;4753276;658845;4753276;-10314;425453;-10319;425449;LOS DATOS DE 2008-09 A 2010-11 SON PROVISIONALES PENDIENTES DE REVISION                             ;;;;;658739;4753066;A259
9260;TAUSTE                             ;;1;2193;2249;321;243;;51;51;13;9254;50252;642743;4641752;642743;4641752;-11644;415451;-11649;415447;LOS DATOS DE 2005-06, 2006-07 Y DE 2008-09 A 2010-11 SON PROVISIONALES PENDIENTES DE REVISION       ;;;;;642635;4641543;A260
9261;TRASOBARES                         ;;1;123;314;381;637;;31;31;15;9284;50266;613347;4611051;613347;4611051;-13821;413833;-13825;413829;LOS DATOS DE 2008-09 A 2010-11 SON PROVISIONALES PENDIENTES DE REVISION                             ;;;;;613239;4610842;A261
9262;OLIETE                             ;;1;127;133;493;540;;15;15;0;9353;44172;693845;4540643;693845;4540643;-4144;405936;-4149;405932;LOS DATOS DE 2007-08 A 2010-11 SON PROVISIONALES PENDIENTES DE REVISION                             ;;;;;693736;4540434;A262
9263;GELSA                              ;;1;47133;85001;413;150;;17;17;0;9329;50222;711094;4586238;711094;4586238;-2830;412357;-2834;412353;DATOS MODIFICADOS DE 2004-05 A 2018-19 (ANUARIO 19-20)                                              ;;;;;710985;4586028;A263
9264;AOS                                ;;1;739;1561;242;456;2886;31;31;15;9197;31158;632836;4734599;632836;4734599;-12237;424506;-12241;424502;DATOS MODIFICADOS DE 1997-98 A 2018-19 (ANUARIO 19-20)                                              ;;;;;632729;4734389;A264
9265;TIRVIA                             ;;1;410;85001;242;830;2886;32;31;15;9477;25221;354962;4708975;847864;4716160;11404;423108;11360;423104;LOS DATOS DE 2008-09 A 2010-11 SON PROVISIONALES PENDIENTES DE REVISION                             ;;;;;847756;4715949;A265
9266;CALATAYUD                          ;;1;6841;9718;409;520;;27;27;13;9278;50067;614448;4579261;614448;4579261;-13755;412122;-13759;412118;LOS DATOS DE 2008-09 A 2010-11 SON PROVISIONALES PENDIENTES DE REVISION                             ;;;;;614339;4579052;A266
9267;CAPDELLA                           ;;1;74;349;214;1268;;31;29;14;9483;25227;334931;4703907;828219;4709681;5932;422809;5927;422805;LOS DATOS DE 2010-11 SON PROVISIONALES PENDIENTES DE REVISION                                       ;;;;;828111;4709470;A267
9268;ISABA                              ;;1;188;526;117;760;;29;29;15;9183;31128;669423;4747472;669423;4747472;-5534;425137;-5539;425133;DATOS DE 2008-11 PENDIENTES DE REVISION. DATOS MODIFICADOS 2010-11 A 2012-13 (ANUARIO 13-14)        ;;;;;669316;4747262;A268
9269;ARAG㏊S DEL PUERTO                 ;;1;75;77;144;785;;29;29;13;9174;22032;687277;4727589;687277;4727589;-4252;424038;-4257;424034;;;;;;687170;4727379;
9270;PAMPLONA                           ;;1;224;283;141;410;;19;17;1;9216;31201;609132;4739410;609132;4739410;-13956;424755;-14001;424751;LOS DATOS DE 2008-09 A 2010-11 SON PROVISIONALES PENDIENTES DE REVISION                             ;;;;;609025;4739201;A270
9271;CANFRANC ANTIGUO                   ;;1;101;8521;145;1040;;30;30;16;9166;22078;702745;4732877;702745;4732877;-3126;424315;-3131;424311;LOS DATOS DE 2008-09 A 2010-11 SON PROVISIONALES PENDIENTES DE REVISION                             ;;;;;702638;4732667;A271
9272;EGEA DE LOS CABALLEROS             ;SIN DATOS                                                             ;0;526;2249;284;319;;0;0;0;9250;50095;653497;4665681;653497;4665681;-10835;420739;-10840;420735;;;;;;653389;4665472;
9273;SABINAR, EL                        ;;1;574;582;283;319;;16;15;0;9253;50095;647797;4658396;647797;4658396;-11249;420347;-11254;420343;LOS DATOS DE 2007-08 A 2010-11 SON PROVISIONALES PENDIENTES DE REVISION                             ;;;;;647689;4658187;A273
9274;SALLENTE P.P.                      ;INT 2000                                                              ;0;29;349;214;1593;;6;6;4;9483;25227;828173;4711788;828173;4711788;5934;422917;5929;422913;;;;;;828065;4711577;
9275;ALASTUEY                           ;;1;6;6;176;697;;20;19;3;9979;22044;684821;4712055;684821;4712055;-4458;423217;-4502;423213;;;;;;684714;4711845;
9276;ALASTUEY                           ;;1;4;10;176;700;;19;19;3;9978;22044;684863;4712048;684863;4712048;-4456;423217;-4501;423213;LOS DATOS DE 2005-06 SON PROVISIONALES PENDIENTES DE REVISION                                       ;;;;;684756;4711838;
9277;AOIZ PIE DE PRESA                  ;;1;488;1561;142;476;;23;22;8;9195;31019;633639;4738261;633639;4738261;-12158;424704;-12203;424700;LOS DATOS DE 2008-09 A 2010-11 SON PROVISIONALES PENDIENTES DE REVISION                             ;;;;;633532;4738051;A277
9278;CHODES                             ;;1;7561;9718;410;390;;22;21;7;9282;50032;628550;4595000;628550;4595000;-12736;412944;-12740;412940;LOS DATOS DE 2008-09 A 2010-11 SON PROVISIONALES PENDIENTES DE REVISION                             ;;;;;628442;4594791;A278
9279;VALDELATEJA                        ;;1;497;9718;410;800;;17;17;2;9018;9905;437311;4736260;437311;4736260;-34559;424632;-34603;424628;LOS DATOS DE 2008-09 A 2010-11 SON PROVISIONALES PENDIENTES DE REVISION                             ;;;;;437204;4736053;A279
9280;LOGRO헲                            ;USADO NIVEL Y CAUDAL AUXILIAR DE CENTRAL AGUAS ABAJO (DATOS 2013-14)  ;1;1037;85001;204;359;;15;15;1;9125;26089;545670;4702427;545670;4702427;-22640;422820;-22645;422815;LOS DATOS DE 2006-07 A 2011-12 SON PROVISIONALES PENDIENTES DE REVISION                             ;;;;;545563;4702219;A280
9281;HARO                               ;;1;1239;1243;170;458;;17;17;3;9096;26071;510180;4714280;510180;4714280;-25233;423448;-25238;423444;LOS DATOS DE 2008-09 A 2010-11 SON PROVISIONALES PENDIENTES DE REVISION                             ;;;;;510073;4714072;A281
9282;MARTES                             ;;1;1083;8521;175;554;;17;17;1;9176;22076;673812;4717834;673812;4717834;-5254;423533;-5258;423529;LOS DATOS DE 2008-09 A 2010-11 SON PROVISIONALES PENDIENTES DE REVISION                             ;;;;;673705;4717624;A282
9283;VILLARCAYO                         ;;1;262;1101;109;597;;17;17;4;9028;9903;453334;4755250;453334;4755250;-33419;425652;-33424;425648;;;;;;453227;4755043;A283
9284;TUDELA                             ;;1;2534;85001;282;252;;17;17;0;9241;31232;615899;4658382;615899;4658382;-13557;420405;-13602;420401;DATOS MODIFICADOS 2004-05 A 2012-13 (ANUARIO 13-14)                                                 ;;;;;615791;4658173;A284
9285;NOVILLAS                           ;;1;2721;85001;321;239;;17;17;0;9247;50191;633915;4643441;633915;4643441;-12305;415551;-12310;415547;DATOS MODIFICADOS DE 2006-07 A 2012-13 (ANUARIO 13-14)                                              ;;;;;633807;4643232;A285
9286;ALAGON                             ;;1;3017;85001;354;211;;15;15;0;9255;50008;654911;4628468;654911;4628468;-10808;414732;-10813;414728;LOS DATOS DE 2006-07 A 2010-11 SON PROVISIONALES PENDIENTES DE REVISION                             ;;;;;654803;4628259;A286
9287;BIJUESCA                           ;;1;151;446;380;914;;17;16;1;9273;50050;590003;4599602;590003;4599602;-15516;413232;-15520;413228;LOS DATOS DE 2008-09 A 2010-11 SON PROVISIONALES PENDIENTES DE REVISION                             ;;;;;589895;4599393;A287
9288;CARABANTES                         ;;1;35;139;380;967;;17;16;1;9975;42051;583972;4600705;583972;4600705;-15935;413310;-15940;413306;LOS DATOS DE 2008-09 A 2009-10 SON PROVISIONALES PENDIENTES DE REVISION                             ;;;;;583864;4600496;A288
9290;EJEA DE LOS CABALLEROS             ;;1;1046;2249;284;318;;16;16;0;9252;50095;652962;4664678;652962;4664678;-10859;420707;-10903;420703;;;;;;652854;4664469;A290
9291;LUNA                               ;;1;109;179;284;402;;16;16;1;9977;50151;671481;4661286;671481;4661286;-5537;420503;-5541;420459;LOS DATOS DE 2008-09 A 2010-11 SON PROVISIONALES PENDIENTES DE REVISION                             ;;;;;671373;4661076;A291
9292;CORTES DE NAVARRA                  ;CORRECCI흁 POR POZO SUCIO (DATOS 2013-14)                             ;1;465;483;321;262;;16;16;0;9246;31078;631645;4642831;631645;4642831;-12445;415533;-12449;415529;;;;;;631537;4642622;A292
9293;PUENTE DE LAS PILAS                ;;1;3743;9699;288;336;;16;14;0;9598;22115;269542;4661141;765967;4662388;1252;420404;1248;420400;LOS DATOS DE 2006-07 A 2010-11 SON PROVISIONALES PENDIENTES DE REVISION                             ;;;;;765859;4662178;A293
9294;MAIDEVERA C. E.                    ;;1;28;34;381;810;;16;16;0;9976;50031;602358;4605862;602358;4605862;-14619;413550;-14623;413546;LOS DATOS DE 2008-09 A 2010-11 SON PROVISIONALES PENDIENTES DE REVISION                             ;;;;;602250;4605653;A294
9295;COSUENDA                           ;;1;16;37;410;612;;16;15;0;9973;50088;642430;4581510;642430;4581510;-11749;412218;-11753;412214;LOS DATOS DE 2009-10 SON PROVISIONALES PENDIENTES DE REVISION                                       ;;;;;642321;4581301;A295
9296;AGUARON                            ;VALORES NEGATIVOS POR SOCAVACION DEL LECHO (DATOS 2013-14)            ;1;17;45;410;645;;18;17;0;9974;50004;644710;4578040;644710;4578040;-11614;412025;-11618;412021;LOS DATOS DE 2009-10 SON PROVISIONALES PENDIENTES DE REVISION                                       ;;;;;644601;4577831;A296
9297;BECEITE                            ;;1;45;46;496;585;;13;12;0;9630;44037;263825;4524990;769701;4526139;1156;405028;1151;405024;LOS DATOS DE 2008-09 A 2010-11 SON PROVISIONALES PENDIENTES DE REVISION                             ;;;;;769592;4525929;A297
9298;PE헤 C.E., LA                      ;;1;95;158;209;570;;14;13;0;9321;22173;682122;4697800;682122;4697800;-4712;422437;-4717;422433;LOS DATOS DE 2008-09 A 2010-11 SON PROVISIONALES PENDIENTES DE REVISION                             ;;;;;682015;4697590;A298
9299;PERALTA DE LA SAL                  ;;1;61;181;326;500;;14;13;0;9601;22175;282712;4651150;779807;4653357;2238;415854;2234;415850;LOS DATOS DE 2007-08 A 2010-11 SON PROVISIONALES PENDIENTES DE REVISION                             ;;;;;779699;4653146;A299
9300;AZANUY                             ;;1;159;181;326;390;;14;12;0;9601;22205;276461;4646525;773895;4648288;1813;415618;1809;415614;LOS DATOS DE 2007-08 A 2010-11 SON PROVISIONALES PENDIENTES DE REVISION                             ;;;;;773787;4648078;A300
9301;MONZON                             ;VALORES NEGATIVOS POR SOCAVACION DEL LECHO (DATOS 2013-14)            ;1;179;181;326;280;;11;11;0;9601;22158;266940;4643988;764572;4645091;1124;415446;1119;415442;LOS DATOS DE 2010-11 SON PROVISIONALES PENDIENTES DE REVISION                                       ;;;;;764464;4644881;A301
9302;VILLORES                           ;;1;921;1213;519;620;;14;13;0;9370;12137;737506;4506220;737506;4506220;-1125;404019;-1129;404015;LOS DATOS DE 2007-08 A 2010-11 SON PROVISIONALES PENDIENTES DE REVISION                             ;;;;;737397;4506010;A302
9303;LUESIA                             ;;1;68;2249;208;700;;14;11;0;9248;50148;661203;4693458;661203;4693458;-10231;422223;-10236;422229;LOS DATOS DE 2007-08 A 2010-11 SON PROVISIONALES PENDIENTES DE REVISION                             ;;;;;661096;4693248;A303
9304;BIEL                               ;;1;27;586;208;750;;13;13;0;9251;50901;669878;4694944;669878;4694944;-5611;422315;-5615;422311;LOS DATOS DE 2007-08 A 2011-12 SON PROVISIONALES PENDIENTES DE REVISION                             ;;;;;669771;4694734;A304
9305;UNCASTILLO                         ;;1;52;582;208;600;;8;8;0;9253;50267;653654;4691386;653654;4691386;-10803;422132;-10808;422128;;;;;;653547;4691176;A305
9307;CETINA AA. AB. DEZA                ;CORRECCI흁 POR POZO SUCIO (DATOS 2013-14)                             ;1;1905;9718;436;673;;16;16;0;9262;50081;587439;4572627;587439;4572627;-15720;411759;-15725;411755;LOS DATOS DE 2008-09 A 2010-11 SON PROVISIONALES PENDIENTES DE REVISION                             ;;;;;587330;4572418;A307
9308;OTXANDIO                           ;;1;36;73;87;551;;6;5;0;9060;48072;527998;4765565;527998;4765565;-23923;430229;-23927;430225;;;;;;527892;4765357;A308
9309;SALLENT DE GALLEGO                 ;;1;44;4009;145;1350;;11;11;0;9292;22204;718217;4738864;718217;4738864;-1958;424614;-2003;424610;LOS DATOS DE 2010-11 SON PROVISIONALES PENDIENTES DE REVISION                                       ;;;;;718110;4738654;A309
9310;SALLENT DE GALLEGO (AGUAS LIMPIAS) ;;1;60;61;145;1300;;12;11;0;9293;22204;718710;4739512;718710;4739512;-1936;424634;-1940;424630;;;;;;718603;4739302;A310
9311;ZARAGOZA (RONDA NORTE)             ;;1;40311;85001;354;202;;11;11;0;9289;50297;674928;4616800;674928;4616800;-5354;414059;-5358;414055;;;;;;674820;4616591;A311
9312;SABI헤NIGO                         ;;1;5;5;210;762;;12;11;0;9935;22199;716235;4707558;716235;4707558;-2208;422922;-2213;422918;DATOS MODIFICADOS 2009-10 A 2012-13 (ANUARIO 13-14)                                                 ;;;;;716128;4707348;A312
9313;BURLADA                            ;;1;530;2759;141;421;;12;11;0;9215;31060;613616;4742212;613616;4742212;-13636;424924;-13641;424920;;;;;;613510;4742003;A313
9314;VITORIA                            ;;1;114;116;112;508;;11;11;0;9065;1059;529732;4746293;529732;4746293;-23810;425204;-23814;425200;;;;;;529626;4746085;A314
9315;MENDIVIL                           ;;1;277;1358;112;513;;10;10;0;9058;1008;530478;4750775;530478;4750775;-23736;425430;-23741;425426;;;;;;530372;4750567;A315
9316;VITORIA N-I                        ;;1;467;1358;112;508;;10;9;0;9064;1059;529221;4747951;529221;4747951;-23832;425258;-23837;425254;;;;;;529115;4747743;A316
9317;VITORIA-ABETXUKO                   ;;1;805;842;112;504;;11;11;0;9068;1059;526525;4746991;526525;4746991;-24031;425227;-24036;425223;;;;;;526419;4746783;A317
9318;URBINA                             ;;1;141;179;112;519;;10;10;0;9063;1008;529545;4754823;529545;4754823;-23816;425641;-23821;425637;;;;;;529439;4754615;A318
9319;SABI헤NIGO (GALLEGO)               ;;1;765;766;210;727;;10;10;0;9310;22199;715954;4707736;715954;4707736;-2220;422928;-2225;422924;;;;;;715847;4707526;A319
9320;MONTEARAGON C.E.                   ;;1;92;2873;248;590;;10;10;0;9620;22150;716993;4679261;716993;4679261;-2213;421405;-2218;421401;;;;;;716886;4679051;A320
9321;ETXARREN                           ;;1;389;823;115;435;;31;31;0;9222;31025;594234;4752016;594234;4752016;-15044;425451;-15049;425447;;;;;;594128;4751807;A321
9322;IRURTZUN                           ;;1;184;188;115;417;;31;31;0;9225;31904;595019;4752749;595019;4752749;-15009;425514;-15013;425510;;;;;;594913;4752540;A322
9323;PAMPLONA                           ;;1;503;2759;141;392;;14;13;0;9215;31201;611631;4741614;611632;4741614;-13804;424905;-13809;424902;;;;;;611525;4741405;A323
9324;ARAZURI                            ;;1;806;2759;141;809;;31;30;0;9217;31193;604227;4741206;604228;4741206;-14331;424856;-14335;424852;;;;;;604121;4740997;A324
9325;OCHAGAVIA                          ;;1;72;75;117;868;;31;31;0;9201;31185;655831;4754359;655831;4754359;-10526;425531;-10531;425527;;;;;;655725;4754149;A325
9326;ESPINAL                            ;;1;44;117;116;378;;31;31;0;9194;31058;634335;4758759;634335;4758759;-12110;425808;-12115;425804;;;;;;634229;4758549;A326
9327;OLITE                              ;;1;257;456;206;520;;31;31;0;9209;31191;611823;4704544;611823;4704544;-13822;422904;-13827;422860;;;;;;611716;4704335;A327
9328;ARQUIJAS                           ;;1;415;1461;139;461;;23;23;0;9148;31265;558722;4725951;558722;4725951;-21660;424059;-21704;424055;;;;;;558615;4725742;A328
9329;MURIETA                            ;;1;553;1461;172;511;;31;31;0;9148;31177;571595;4723178;571595;4723178;-20735;423925;-20740;423921;;;;;;571488;4722969;A329
9330;BARINDANO                          ;;1;18;315;140;511;;31;31;0;9149;31013;571672;4735358;571672;4735358;-20726;424560;-20731;424556;;;;;;571566;4735149;A330
9347;ARANDIGA                           ;;1;585;587;382;393;;2;2;0;9285;50032;628227;4596495;628227;4596495;-12749;413033;-12753;413028;;;;;;628119;4596286;
9348;VI헨GRA DE ABAJO                   ;;1;90;114;278;875;;2;2;0;9109;26178;509265;4667066;509265;4667066;-25316;420918;-25321;420914;;;;;;509157;4666858;
9349;OROZ BETELU                        ;;1;286;364;116;597;;2;2;0;9193;31199;638636;4750433;638636;4750433;-11808;425335;-11812;425331;;;;;;638530;4750224;
